"","berger_parker","buzas_gibson","chao1","dominance","equitability","jost","jost1","reads","richness","robbins","simpson","shannon_e","shannon_2","shannon_10","Timepoint","zOTU_berger_parker","zOTU_buzas_gibson","zOTU_chao1","zOTU_dominance","zOTU_equitability","zOTU_jost","zOTU_jost1","zOTU_reads","zOTU_richness","zOTU_robbins","zOTU_simpson","zOTU_shannon_e","zOTU_shannon_2","zOTU_shannon_10"
"1D01",0.45,0.000794,74.7,0.755,0.483,5.18,7.94,9998,73,0.176,0.245,2.07,2.99,0.9,"T1",0.403,0.00104,88.4,0.799,0.525,6.55,10.4,9994,87,0.193,0.201,2.34,3.38,1.02
"1D02",0.298,0.00112,90.3,0.847,0.538,7.84,11.2,10004,89,0.2,0.153,2.41,3.48,1.05,"T1",0.277,0.00139,134.4,0.862,0.538,8.98,13.9,10013,133,0.246,0.138,2.63,3.79,1.14
"1D03",0.371,0.0013,71.1,0.831,0.601,7.97,13,9993,71,0.0278,0.169,2.56,3.7,1.11,"T1",0.358,0.0015,105.5,0.842,0.582,8.67,15,9988,105,0.0755,0.158,2.71,3.9,1.18
"1D04",0.294,0.00116,90.4,0.857,0.551,8.37,11.5,9998,85,0.267,0.143,2.45,3.53,1.06,"T1",0.278,0.00136,117.6,0.869,0.55,9.36,13.6,9997,115,0.293,0.131,2.61,3.77,1.13
"1G02",0.315,0.00061,61.3,0.754,0.449,4.53,6.09,9986,56,0.228,0.246,1.81,2.61,0.784,"T1",0.313,0.000904,75.4,0.814,0.515,6.34,9.03,9986,72,0.178,0.186,2.2,3.17,0.956
"1G03",0.518,0.000553,74.4,0.662,0.401,3.56,5.52,9987,71,0.292,0.338,1.71,2.46,0.742,"T1",0.36,0.000995,82.8,0.806,0.523,6.45,9.94,9989,81,0.207,0.194,2.3,3.31,0.997
"1G04",0.515,0.000593,65.1,0.676,0.428,3.77,5.93,9994,64,0.185,0.324,1.78,2.57,0.773,"T1",0.32,0.00112,87.4,0.838,0.548,7.62,11.2,9999,82,0.277,0.162,2.42,3.49,1.05
"1P01",0.547,0.000611,86,0.667,0.408,3.79,6.11,9997,84,0.259,0.333,1.81,2.61,0.786,"T1",0.537,0.000762,114.9,0.681,0.429,4.11,7.61,9993,114,0.235,0.319,2.03,2.93,0.881
"1P02",0.51,0.000845,143.8,0.713,0.435,4.65,8.43,9983,134,0.393,0.287,2.13,3.08,0.926,"T1",0.48,0.00119,193.8,0.748,0.475,5.63,11.9,9980,184,0.384,0.252,2.48,3.57,1.08
"1P03",0.339,0.00148,102,0.852,0.583,9.1,14.8,10008,102,0,0.148,2.7,3.89,1.17,"T1",0.324,0.00212,137,0.874,0.621,11.6,21.2,9979,137,0.167,0.126,3.05,4.41,1.33
"1P04",0.44,0.000913,127.1,0.77,0.457,5.62,9.12,9987,126,0.323,0.23,2.21,3.19,0.96,"T1",0.425,0.00118,173.5,0.788,0.48,6.42,11.8,9991,172,0.324,0.212,2.47,3.56,1.07
"1S01",0.233,0.00147,150.2,0.881,0.547,10.3,14.7,9991,136,0.467,0.119,2.69,3.88,1.17,"T1",0.225,0.00194,184.5,0.897,0.576,12.4,19.4,9989,172,0.434,0.103,2.96,4.28,1.29
"1S02",0.273,0.0011,108.3,0.852,0.518,7.95,11,9991,102,0.379,0.148,2.39,3.45,1.04,"T1",0.248,0.00156,152.7,0.873,0.552,9.89,15.6,9983,145,0.322,0.127,2.75,3.96,1.19
"1S03",0.233,0.0014,116.1,0.883,0.557,10.1,14,9977,114,0.304,0.117,2.64,3.81,1.15,"T1",0.22,0.002,161.8,0.901,0.59,12.8,19.9,9968,159,0.312,0.099,2.99,4.32,1.3
"1S04",0.162,0.00143,81.3,0.903,0.617,11.6,14.3,9997,74,0.307,0.0965,2.66,3.83,1.15,"T1",0.155,0.00163,97.6,0.914,0.622,13.1,16.3,9996,89,0.322,0.086,2.79,4.03,1.21
"1W01",0.72,0.00044,106.6,0.477,0.318,2.4,4.4,9992,105,0.302,0.523,1.48,2.14,0.643,"T1",0.568,0.000673,132.3,0.65,0.393,3.71,6.73,9994,128,0.388,0.35,1.91,2.75,0.828
"1W02",0.542,0.000721,102.4,0.682,0.428,4.11,7.2,9976,101,0.275,0.318,1.97,2.85,0.857,"T1",0.43,0.00114,130,0.787,0.501,6.38,11.3,9979,127,0.305,0.213,2.43,3.5,1.05
"1W03",0.522,0.000944,118.9,0.712,0.471,4.84,9.44,9998,118,0.261,0.288,2.24,3.24,0.975,"T1",0.449,0.00132,153,0.781,0.515,6.63,13.2,9996,151,0.289,0.219,2.58,3.73,1.12
"1W04",0.699,0.000461,102.4,0.505,0.332,2.54,4.6,9992,99,0.34,0.495,1.53,2.2,0.663,"T1",0.582,0.000695,132.3,0.643,0.399,3.7,6.94,9992,129,0.354,0.357,1.94,2.8,0.842
"2D01",0.211,0.00152,109.9,0.891,0.583,10.9,15.2,9987,107,0.269,0.109,2.72,3.93,1.18,"T1",0.177,0.00203,141.1,0.912,0.609,13.9,20.3,9996,140,0.241,0.0882,3.01,4.34,1.31
"2D02",0.446,0.000866,81.3,0.768,0.501,5.58,8.65,9991,74,0.307,0.232,2.16,3.11,0.937,"T1",0.44,0.00109,115.2,0.78,0.506,6.19,10.9,9996,111,0.286,0.22,2.38,3.44,1.04
"2D03",0.268,0.00119,94.7,0.853,0.547,8.28,11.9,9984,92,0.301,0.147,2.47,3.57,1.07,"T1",0.265,0.00152,125.4,0.869,0.565,9.74,15.2,9977,123,0.266,0.131,2.72,3.93,1.18
"2D04",0.195,0.00153,124.7,0.895,0.572,11.2,15.3,9997,118,0.37,0.105,2.73,3.94,1.19,"T1",0.166,0.00199,153.6,0.909,0.596,13.5,19.9,9992,151,0.303,0.0907,2.99,4.31,1.3
"2G01",0.263,0.00197,159.6,0.893,0.589,12.4,19.7,9984,157,0.329,0.107,2.98,4.3,1.29,"T1",0.217,0.00277,181.4,0.92,0.64,17,27.7,9985,179,0.278,0.0797,3.32,4.79,1.44
"2G02",0.393,0.000947,155.1,0.8,0.517,6.32,9.47,9993,77,0.321,0.2,2.25,3.24,0.976,"T1",0.264,0.00124,102.1,0.859,0.557,8.67,12.4,9993,92,0.29,0.141,2.52,3.63,1.09
"2G03",0.336,0.00075,80,0.793,0.472,5.57,7.49,9990,71,0.236,0.207,2.01,2.91,0.875,"T1",0.255,0.00119,98.9,0.853,0.547,8.33,11.8,9992,92,0.28,0.147,2.47,3.57,1.07
"2G04",0.175,0.00167,113.5,0.91,0.621,12.9,16.7,9993,93,0.34,0.0898,2.81,4.06,1.22,"T1",0.118,0.00231,123.1,0.94,0.672,18.7,23.1,9999,107,0.315,0.0604,3.14,4.53,1.36
"2P01",0.446,0.000935,108.9,0.769,0.479,5.67,9.34,9992,106,0.271,0.231,2.23,3.22,0.97,"T1",0.439,0.00108,135.9,0.78,0.49,6.15,10.8,9992,129,0.315,0.22,2.38,3.44,1.03
"2P02",0.366,0.000681,98.7,0.763,0.423,4.87,6.8,9988,93,0.394,0.237,1.92,2.77,0.833,"T1",0.363,0.000713,116.2,0.765,0.414,4.94,7.12,9988,114,0.365,0.235,1.96,2.83,0.853
"2P03",0.214,0.00169,76,0.9,0.653,12.1,16.9,9994,76,0,0.0999,2.83,4.08,1.23,"T1",0.214,0.0018,88,0.902,0.645,12.5,18,9994,88,0,0.0984,2.89,4.17,1.25
"2P04",0.416,0.000744,118.6,0.747,0.425,4.83,7.43,9993,112,0.451,0.253,2.01,2.89,0.871,"T1",0.412,0.00079,134.4,0.751,0.427,4.96,7.91,10002,127,0.422,0.249,2.07,2.98,0.898
"2S01",0.323,0.000884,96.2,0.818,0.481,6.42,8.83,9989,93,0.351,0.182,2.18,3.14,0.946,"T1",0.322,0.00103,102.8,0.836,0.507,7.32,10.3,9985,99,0.33,0.164,2.33,3.36,1.01
"2S02",0.466,0.000681,108.6,0.721,0.411,4.39,6.79,9978,106,0.383,0.279,1.92,2.76,0.832,"T1",0.462,0.000716,122.2,0.725,0.411,4.48,7.15,9980,120,0.364,0.275,1.97,2.84,0.854
"2S03",0.495,0.000565,108.5,0.675,0.391,3.69,5.65,9985,84,0.412,0.325,1.73,2.5,0.752,"T1",0.492,0.000599,121.3,0.679,0.39,3.76,5.97,9980,98,0.414,0.321,1.79,2.58,0.776
"2S04",0.373,0.00115,156.9,0.82,0.495,7.22,11.5,9996,140,0.454,0.18,2.44,3.53,1.06,"T1",0.371,0.00128,185.1,0.824,0.495,7.53,12.8,9999,174,0.457,0.176,2.55,3.68,1.11
"2W01",0.381,0.00135,125.2,0.828,0.545,8,13.4,9993,118,0.319,0.172,2.6,3.75,1.13,"T1",0.378,0.00156,139.4,0.836,0.559,8.7,15.6,9990,136,0.307,0.164,2.75,3.96,1.19
"2W02",0.282,0.00135,127.5,0.852,0.54,8.58,13.4,9987,123,0.315,0.148,2.6,3.75,1.13,"T1",0.276,0.00181,139.1,0.884,0.589,11.4,18,9985,136,0.292,0.116,2.89,4.17,1.26
"2W03",0.242,0.00173,132.9,0.895,0.591,11.9,17.3,9987,124,0.304,0.105,2.85,4.11,1.24,"T1",0.238,0.00202,153.4,0.902,0.603,13,20.2,9992,145,0.281,0.0982,3,4.33,1.3
"2W04",0.475,0.000951,120.5,0.745,0.474,5.27,9.51,9990,116,0.282,0.255,2.25,3.25,0.978,"T1",0.467,0.00109,143.2,0.759,0.482,5.73,10.9,9980,141,0.282,0.241,2.38,3.44,1.04
"3D01",0.31,0.000833,81.5,0.822,0.485,6.45,8.33,9998,79,0.362,0.178,2.12,3.06,0.92,"T1",0.297,0.00108,108.8,0.837,0.509,7.38,10.8,9996,107,0.315,0.163,2.38,3.43,1.03
"3D02",0.777,0.000289,60.1,0.39,0.263,1.93,2.88,9989,56,0.404,0.61,1.06,1.53,0.46,"T1",0.739,0.000392,76.5,0.45,0.316,2.24,3.91,9991,75,0.25,0.55,1.36,1.97,0.593
"3D03",0.356,0.000962,90.6,0.812,0.506,6.52,9.6,9984,87,0.273,0.188,2.26,3.26,0.982,"T1",0.345,0.00121,123.8,0.83,0.519,7.51,12.1,9984,122,0.26,0.17,2.5,3.6,1.08
"3D04",0.58,0.000439,74.9,0.611,0.348,3.04,4.39,9994,70,0.352,0.389,1.48,2.13,0.642,"T1",0.552,0.000605,107.8,0.651,0.389,3.58,6.04,9989,102,0.33,0.349,1.8,2.59,0.781
"3G01",0.327,0.000899,82.6,0.822,0.502,6.58,8.98,9990,79,0.3,0.178,2.2,3.17,0.953,"T1",0.303,0.00118,116,0.855,0.54,8.41,11.8,9991,97,0.378,0.145,2.47,3.56,1.07
"3G02",0.205,0.00125,92.3,0.879,0.56,9.45,12.5,9994,91,0.207,0.121,2.53,3.65,1.1,"T1",0.153,0.00188,113.4,0.918,0.622,14.1,18.8,9991,112,0.195,0.0821,2.93,4.23,1.27
"3G03",0.338,0.00115,130.5,0.828,0.502,7.28,11.4,9988,128,0.31,0.172,2.44,3.52,1.06,"T1",0.16,0.00209,155.1,0.918,0.606,14.7,20.8,9987,150,0.338,0.0819,3.04,4.38,1.32
"3G04",0.391,0.000799,84.8,0.778,0.469,5.43,7.99,9992,84,0.188,0.222,2.08,3,0.902,"T1",0.203,0.0014,100,0.88,0.574,9.89,14,9994,99,0.18,0.12,2.64,3.81,1.15
"3P01",0.554,0.000569,109.6,0.65,0.375,3.53,5.68,9981,102,0.379,0.35,1.74,2.5,0.754,"T1",0.549,0.000651,153.3,0.658,0.378,3.7,6.5,9983,142,0.399,0.342,1.87,2.7,0.813
"3P02",0.345,0.00133,147.5,0.835,0.52,7.96,13.3,9994,144,0.345,0.165,2.59,3.73,1.12,"T1",0.341,0.00166,195.6,0.842,0.536,8.8,16.6,9995,189,0.363,0.158,2.81,4.05,1.22
"3P03",0.398,0.00133,136.4,0.817,0.527,7.6,13.2,9986,135,0.324,0.183,2.58,3.73,1.12,"T1",0.374,0.0017,179.4,0.838,0.548,8.94,17,9986,175,0.352,0.162,2.83,4.09,1.23
"3S01",0.242,0.0012,138.9,0.855,0.506,8.2,11.9,9989,135,0.368,0.145,2.48,3.58,1.08,"T1",0.241,0.00142,179.4,0.861,0.513,8.91,14.2,9987,177,0.343,0.139,2.65,3.83,1.15
"3S02",0.281,0.00139,131.7,0.852,0.541,8.69,13.9,9979,129,0.285,0.148,2.63,3.79,1.14,"T1",0.279,0.00165,173.4,0.859,0.545,9.45,16.5,9972,171,0.308,0.141,2.8,4.04,1.22
"3S03",0.24,0.002,143,0.906,0.606,13.6,20,9992,140,0.277,0.094,2.99,4.32,1.3,"T1",0.235,0.00263,206.7,0.914,0.617,15.9,26.3,9990,200,0.328,0.0856,3.27,4.72,1.42
"3S04",0.287,0.00115,123.3,0.839,0.513,7.61,11.5,9978,116,0.359,0.161,2.44,3.52,1.06,"T1",0.283,0.00152,159,0.855,0.541,9.03,15.2,9974,152,0.366,0.145,2.72,3.92,1.18
"3W01",0.407,0.00075,100.5,0.742,0.441,4.73,7.49,9988,96,0.278,0.258,2.01,2.91,0.875,"T1",0.398,0.000824,130,0.746,0.434,4.87,8.23,9987,128,0.295,0.254,2.11,3.04,0.915
"3W02",0.316,0.000975,112.3,0.823,0.493,6.8,9.74,9995,101,0.373,0.177,2.28,3.28,0.989,"T1",0.305,0.00118,143.1,0.833,0.502,7.44,11.8,10000,138,0.345,0.167,2.47,3.57,1.07
"3W03",0.554,0.000502,69.7,0.649,0.384,3.44,5.02,9991,67,0.309,0.351,1.61,2.33,0.7,"T1",0.523,0.000618,98.5,0.683,0.4,3.9,6.17,9990,95,0.302,0.317,1.82,2.63,0.79
"3W04",0.264,0.00129,119.3,0.856,0.535,8.52,12.9,9983,118,0.261,0.144,2.55,3.69,1.11,"T1",0.25,0.00147,141.2,0.863,0.544,9.16,14.7,9979,140,0.234,0.137,2.69,3.88,1.17
"4D01",0.284,0.00114,117.2,0.847,0.515,7.86,11.4,10001,114,0.33,0.153,2.44,3.52,1.06,"T1",0.257,0.00145,140.9,0.866,0.541,9.23,14.5,9981,139,0.236,0.134,2.67,3.85,1.16
"4D02",0.291,0.00104,97.5,0.839,0.515,7.4,10.4,9998,94,0.305,0.161,2.34,3.38,1.02,"T1",0.281,0.00137,124,0.86,0.543,8.88,13.7,9996,123,0.25,0.14,2.62,3.77,1.14
"4D03",0.444,0.000485,72.9,0.671,0.374,3.47,4.84,9991,68,0.319,0.329,1.58,2.28,0.685,"T1",0.429,0.000596,98.5,0.689,0.39,3.79,5.95,9994,97,0.214,0.311,1.78,2.57,0.775
"4G01",0.341,0.000682,88.1,0.765,0.447,4.87,6.82,9988,73,0.297,0.235,1.92,2.77,0.834,"T1",0.229,0.00124,107.1,0.862,0.552,8.68,12.4,9988,96,0.34,0.138,2.52,3.63,1.09
"4G02",0.4,0.000666,68,0.759,0.465,4.83,6.66,9994,59,0.283,0.241,1.9,2.73,0.823,"T1",0.325,0.00124,80.1,0.848,0.585,8.39,12.4,9996,74,0.28,0.152,2.52,3.64,1.09
"4G03",0.306,0.000765,78.2,0.798,0.47,5.66,7.65,9993,76,0.273,0.202,2.03,2.93,0.883,"T1",0.226,0.00142,94.1,0.882,0.588,10.2,14.2,9994,91,0.272,0.118,2.65,3.83,1.15
"4G04",0.501,0.000558,80.5,0.687,0.427,3.82,5.57,9989,56,0.246,0.313,1.72,2.48,0.746,"T1",0.417,0.000985,81.1,0.788,0.537,6.18,9.85,9991,71,0.25,0.212,2.29,3.3,0.993
"4P01",0.575,0.000586,88.5,0.647,0.402,3.62,5.85,9992,81,0.378,0.353,1.77,2.55,0.767,"T1",0.565,0.000733,128,0.663,0.413,3.96,7.32,9993,124,0.36,0.337,1.99,2.87,0.865
"4P02",0.544,0.000484,51.9,0.649,0.405,3.38,4.83,9991,49,0.24,0.351,1.58,2.27,0.684,"T1",0.514,0.000666,91.5,0.687,0.426,3.99,6.65,9990,85,0.209,0.313,1.89,2.73,0.823
"4P03",0.667,0.000337,55.5,0.515,0.309,2.38,3.37,9990,51,0.288,0.485,1.21,1.75,0.527,"T1",0.636,0.000487,113.1,0.574,0.351,2.92,4.86,9983,90,0.374,0.426,1.58,2.28,0.686
"4P04",0.376,0.000849,110.9,0.774,0.456,5.44,8.47,9981,108,0.376,0.226,2.14,3.08,0.928,"T1",0.353,0.00119,156,0.808,0.493,6.76,11.9,9985,152,0.353,0.192,2.48,3.58,1.08
"4S01",0.454,0.000588,71.2,0.705,0.426,4.01,5.87,9987,64,0.292,0.295,1.77,2.55,0.769,"T1",0.379,0.000894,106,0.776,0.477,5.56,8.93,9986,98,0.242,0.224,2.19,3.16,0.951
"4S02",0.18,0.00119,100.1,0.875,0.544,9.04,11.8,9990,94,0.368,0.125,2.47,3.57,1.07,"T1",0.179,0.00157,132.1,0.891,0.567,10.9,15.7,9988,128,0.31,0.109,2.75,3.97,1.2
"4S03",0.753,0.000301,74.9,0.419,0.259,2.01,3.01,9992,71,0.347,0.581,1.1,1.59,0.479,"T1",0.676,0.000446,114.3,0.528,0.318,2.62,4.45,9991,109,0.355,0.472,1.49,2.15,0.649
"4S04",0.344,0.00126,128.7,0.839,0.523,7.99,12.6,10006,126,0.346,0.161,2.53,3.65,1.1,"T1",0.338,0.00152,185.2,0.846,0.525,8.69,15.2,10017,180,0.392,0.154,2.72,3.93,1.18
"4W01",0.607,0.000523,107.7,0.607,0.365,3.18,5.22,9987,93,0.404,0.393,1.65,2.38,0.718,"T1",0.517,0.000725,133.3,0.702,0.41,4.3,7.24,9988,125,0.389,0.298,1.98,2.86,0.86
"4W02",0.554,0.000592,85.6,0.651,0.406,3.58,5.92,9989,80,0.247,0.349,1.78,2.57,0.772,"T1",0.468,0.000855,124.7,0.735,0.45,4.87,8.54,9984,118,0.277,0.265,2.14,3.09,0.931
"4W03",0.368,0.00102,119.8,0.81,0.487,6.56,10.2,9990,117,0.28,0.19,2.32,3.35,1.01,"T1",0.311,0.00129,160.9,0.846,0.505,8.14,12.9,9991,159,0.269,0.154,2.56,3.69,1.11
"4W04",0.341,0.00086,121.3,0.798,0.458,5.85,8.6,9994,110,0.342,0.202,2.15,3.1,0.934,"T1",0.28,0.00124,157.7,0.847,0.499,7.98,12.4,9989,154,0.316,0.153,2.52,3.63,1.09
"5D01",0.712,0.000271,50,0.452,0.257,2.05,2.71,9986,48,0.286,0.548,0.997,1.44,0.433,"T1",0.691,0.000347,74.8,0.49,0.293,2.29,3.46,9986,69,0.243,0.51,1.24,1.79,0.54
"5D02",0.613,0.000456,401,0.6,0.366,3.06,4.55,9993,63,0.406,0.4,1.52,2.19,0.658,"T1",0.541,0.000751,96,0.686,0.45,4.23,7.51,10000,88,0.315,0.314,2.02,2.91,0.876
"5D03",0.588,0.000384,59.5,0.587,0.332,2.78,3.83,9985,57,0.31,0.413,1.34,1.94,0.583,"T1",0.559,0.000559,82.4,0.647,0.393,3.5,5.58,9984,79,0.263,0.353,1.72,2.48,0.747
"5D04",0.73,0.000295,56.8,0.443,0.271,2.08,2.94,9988,54,0.345,0.557,1.08,1.56,0.469,"T1",0.711,0.000355,78,0.474,0.292,2.26,3.54,9984,76,0.286,0.526,1.27,1.83,0.549
"5G01",0.395,0.000833,86.8,0.79,0.477,5.78,8.32,9985,85,0.267,0.21,2.12,3.06,0.92,"T1",0.254,0.0014,109,0.883,0.564,10.2,13.9,9987,107,0.296,0.117,2.63,3.8,1.14
"5G02",0.56,0.000632,96.6,0.662,0.406,3.8,6.31,9991,94,0.337,0.338,1.84,2.66,0.8,"T1",0.542,0.000829,136.7,0.684,0.432,4.27,8.28,9990,134,0.326,0.316,2.11,3.05,0.918
"5G03",0.333,0.00097,88.7,0.814,0.509,6.56,9.7,9999,87,0.25,0.186,2.27,3.28,0.987,"T1",0.214,0.00165,113.5,0.893,0.594,11.4,16.5,9999,112,0.248,0.107,2.8,4.04,1.22
"5P01",0.463,0.000882,95.7,0.757,0.481,5.43,8.8,9982,92,0.323,0.243,2.17,3.14,0.945,"T1",0.437,0.00108,123,0.782,0.497,6.2,10.7,9980,119,0.283,0.218,2.37,3.43,1.03
"5P02",0.292,0.00104,98.4,0.841,0.514,7.48,10.4,10000,96,0.34,0.159,2.34,3.38,1.02,"T1",0.28,0.00129,129.4,0.855,0.533,8.49,12.8,9982,120,0.322,0.145,2.55,3.68,1.11
"5P03",0.305,0.00115,116.5,0.847,0.514,7.91,11.4,9990,115,0.284,0.153,2.44,3.52,1.06,"T1",0.302,0.00142,157.3,0.856,0.525,8.83,14.1,9990,156,0.299,0.144,2.65,3.82,1.15
"5P04",0.168,0.00163,127.3,0.909,0.578,12.5,16.2,9996,124,0.368,0.0912,2.79,4.02,1.21,"T1",0.117,0.00247,175.9,0.935,0.625,18,24.7,9994,170,0.38,0.0653,3.21,4.63,1.39
"5S01",0.368,0.000958,105,0.812,0.495,6.57,9.57,9984,96,0.351,0.188,2.26,3.26,0.981,"T1",0.242,0.00144,137.1,0.881,0.548,10.1,14.4,9980,130,0.374,0.119,2.67,3.85,1.16
"5S02",0.263,0.00157,118.5,0.887,0.582,11.1,15.6,9990,113,0.377,0.113,2.75,3.97,1.19,"T1",0.189,0.00233,158.5,0.925,0.624,16.5,23.3,9990,155,0.34,0.0749,3.15,4.54,1.37
"5S03",0.375,0.000929,96,0.8,0.493,6.23,9.28,9993,92,0.333,0.2,2.23,3.21,0.968,"T1",0.377,0.00122,132.6,0.823,0.514,7.5,12.2,9992,131,0.295,0.177,2.5,3.61,1.09
"5S04",0.339,0.00132,115.1,0.85,0.549,8.7,13.2,9992,110,0.315,0.15,2.58,3.72,1.12,"T1",0.307,0.00176,161.6,0.875,0.569,10.9,17.6,9989,155,0.327,0.125,2.87,4.14,1.25
"5W01",0.478,0.000585,101.3,0.695,0.385,3.91,5.84,9998,98,0.313,0.305,1.77,2.55,0.767,"T1",0.459,0.000722,132.5,0.714,0.407,4.32,7.21,9992,128,0.326,0.286,1.98,2.85,0.858
"5W02",0.422,0.000812,104.8,0.767,0.453,5.33,8.11,9988,101,0.353,0.233,2.09,3.02,0.909,"T1",0.392,0.00107,133.1,0.794,0.487,6.33,10.7,9992,130,0.344,0.206,2.37,3.42,1.03
"5W03",0.451,0.000674,78.4,0.741,0.44,4.68,6.73,9987,76,0.286,0.259,1.91,2.75,0.828,"T1",0.422,0.000866,106.2,0.767,0.466,5.42,8.64,9982,102,0.282,0.233,2.16,3.11,0.937
"5W04",0.392,0.00063,87.4,0.722,0.415,4.25,6.29,9996,84,0.306,0.278,1.84,2.65,0.799,"T1",0.4,0.00073,116.5,0.73,0.423,4.49,7.29,9992,110,0.324,0.27,1.99,2.87,0.863
"1D011",0.49,0.000665,71,0.719,0.449,4.42,6.65,9998,68,0.319,0.281,1.89,2.73,0.823,"T2",0.455,0.000902,84.4,0.761,0.499,5.5,9.01,9992,82,0.289,0.239,2.2,3.17,0.955
"1D021",0.475,0.000591,59.5,0.709,0.443,4.15,5.91,9998,55,0.375,0.291,1.78,2.56,0.772,"T2",0.461,0.000673,68.4,0.724,0.453,4.46,6.73,9994,67,0.294,0.276,1.91,2.75,0.828
"1D031",0.394,0.00103,90.5,0.81,0.52,6.81,10.3,9983,89,0.289,0.19,2.33,3.37,1.01,"T2",0.428,0.000904,119.3,0.774,0.463,5.65,9.03,9989,116,0.308,0.226,2.2,3.18,0.956
"1D041",0.422,0.000585,65.3,0.714,0.424,4.1,5.84,9990,64,0.246,0.286,1.76,2.55,0.766,"T2",0.427,0.00064,87.9,0.717,0.415,4.21,6.39,9990,87,0.193,0.283,1.85,2.68,0.806
"1G01",0.163,0.00156,80,0.902,0.636,11.9,15.6,9990,75,0.25,0.0981,2.75,3.96,1.19,"T2",0.162,0.00205,125.3,0.915,0.626,14.3,20.5,9994,124,0.208,0.0846,3.02,4.35,1.31
"1G021",0.227,0.00109,74.1,0.862,0.56,8.31,10.9,9994,71,0.278,0.138,2.39,3.45,1.04,"T2",0.223,0.00145,104,0.881,0.579,10.1,14.5,9992,101,0.216,0.119,2.67,3.86,1.16
"1G031",0.562,0.000572,57.4,0.656,0.435,3.65,5.71,9986,55,0.196,0.344,1.74,2.51,0.757,"T2",0.428,0.000877,85,0.777,0.494,5.68,8.76,9981,81,0.207,0.223,2.17,3.13,0.942
"1G041",0.289,0.00105,78.6,0.852,0.543,7.92,10.5,9992,76,0.325,0.148,2.35,3.39,1.02,"T2",0.288,0.00139,111,0.865,0.56,9.23,13.9,9996,109,0.218,0.135,2.63,3.79,1.14
"1P011",0.36,0.000889,73,0.815,0.516,6.5,8.89,9994,69,0.243,0.185,2.18,3.15,0.949,"T2",0.345,0.00107,88,0.831,0.533,7.34,10.7,9990,86,0.207,0.169,2.37,3.42,1.03
"1P021",0.307,0.000865,69.5,0.81,0.517,6.21,8.65,9999,65,0.273,0.19,2.16,3.11,0.937,"T2",0.293,0.00114,87.2,0.844,0.546,7.81,11.4,9994,86,0.23,0.156,2.43,3.51,1.06
"1P031",0.293,0.00123,78.7,0.863,0.591,8.96,12.3,9991,70,0.352,0.137,2.51,3.63,1.09,"T2",0.178,0.0015,100.5,0.9,0.593,11.5,15,9993,96,0.309,0.0995,2.71,3.9,1.18
"1P041",0.279,0.000905,125.5,0.845,0.593,7.33,9.05,9994,41,0.31,0.155,2.2,3.18,0.957,"T2",0.265,0.00119,77.7,0.865,0.587,8.82,11.9,9991,68,0.319,0.135,2.48,3.57,1.08
"1S011",0.462,0.000701,57.9,0.744,0.486,4.84,7.01,9992,55,0.214,0.256,1.95,2.81,0.845,"T2",0.462,0.000822,92.5,0.753,0.486,5.22,8.21,9992,76,0.299,0.247,2.11,3.04,0.914
"1S021",0.752,0.000333,51.7,0.427,0.316,2.1,3.33,9996,45,0.239,0.573,1.2,1.73,0.522,"T2",0.406,0.000627,74,0.717,0.428,4.19,6.27,9999,73,0.243,0.283,1.84,2.65,0.797
"1S031",0.215,0.00128,74.2,0.886,0.607,10.1,12.8,9991,67,0.279,0.114,2.55,3.68,1.11,"T2",0.173,0.0018,97,0.908,0.634,13.1,17.9,9982,95,0.25,0.0916,2.89,4.16,1.25
"1S041",0.224,0.00196,156.6,0.9,0.592,12.7,19.6,10002,153,0.331,0.1,2.98,4.29,1.29,"T2",0.21,0.00252,190.5,0.913,0.616,15.3,25.2,10003,188,0.296,0.087,3.23,4.65,1.4
"1W011",0.274,0.00114,88.1,0.856,0.548,8.24,11.4,9988,84,0.235,0.144,2.43,3.51,1.06,"T2",0.182,0.00164,123.3,0.9,0.583,11.8,16.4,9985,121,0.23,0.0997,2.8,4.03,1.21
"1W021",0.247,0.00123,98.9,0.867,0.549,8.85,12.3,9984,96,0.299,0.133,2.51,3.62,1.09,"T2",0.165,0.00181,153,0.905,0.578,12.5,18,9990,149,0.32,0.0951,2.89,4.17,1.26
"1W031",0.203,0.00111,93.9,0.865,0.539,8.4,11.1,9986,87,0.295,0.135,2.4,3.47,1.04,"T2",0.198,0.0015,135.1,0.885,0.561,10.3,15,9980,125,0.286,0.115,2.71,3.91,1.18
"1W041",0.29,0.00123,102.4,0.853,0.549,8.31,12.2,9991,96,0.258,0.147,2.5,3.61,1.09,"T2",0.241,0.00164,145.3,0.882,0.565,10.6,16.4,9991,141,0.289,0.118,2.8,4.04,1.21
"2D011",0.271,0.00101,93.8,0.842,0.513,7.4,10.1,9989,91,0.283,0.158,2.32,3.34,1.01,"T2",0.234,0.00157,125.8,0.89,0.576,11.1,15.7,9991,119,0.308,0.11,2.75,3.97,1.2
"2D021",0.424,0.00068,74,0.75,0.452,4.78,6.79,9987,69,0.271,0.25,1.92,2.76,0.832,"T2",0.425,0.000922,87.1,0.774,0.498,5.7,9.21,9987,86,0.207,0.226,2.22,3.2,0.964
"2D031",0.208,0.00145,109.9,0.887,0.572,10.5,14.5,9999,107,0.315,0.113,2.67,3.86,1.16,"T2",0.245,0.00146,117,0.871,0.564,9.62,14.6,9989,115,0.241,0.129,2.68,3.86,1.16
"2D041",0.175,0.00141,91.8,0.892,0.587,10.7,14.1,9990,91,0.196,0.108,2.65,3.82,1.15,"T2",0.175,0.00204,130.1,0.916,0.62,14.4,20.4,9985,129,0.246,0.084,3.01,4.35,1.31
"2G011",0.291,0.00106,73.8,0.85,0.551,7.85,10.6,9994,72,0.26,0.15,2.36,3.4,1.02,"T2",0.286,0.00119,92.5,0.857,0.55,8.41,11.9,9995,91,0.261,0.143,2.48,3.58,1.08
"2G021",0.141,0.00152,86.5,0.913,0.617,12.6,15.2,9986,82,0.325,0.0874,2.72,3.92,1.18,"T2",0.135,0.00216,110.2,0.931,0.657,16.7,21.6,9986,107,0.259,0.0692,3.07,4.43,1.33
"2G031",0.413,0.000935,79.4,0.793,0.521,6.2,9.35,9997,73,0.338,0.207,2.24,3.23,0.971,"T2",0.382,0.00109,91.7,0.818,0.533,7.11,10.9,9993,88,0.337,0.182,2.39,3.44,1.04
"2G041",0.828,0.000218,49.1,0.305,0.204,1.61,2.18,9995,46,0.319,0.695,0.78,1.13,0.339,"T2",0.797,0.000258,71.8,0.355,0.233,1.78,2.58,9999,58,0.356,0.645,0.948,1.37,0.412
"2P011",0.482,0.00108,112.2,0.75,0.508,5.65,10.8,9993,108,0.266,0.25,2.38,3.43,1.03,"T2",0.47,0.00125,136.6,0.764,0.519,6.15,12.5,9985,129,0.3,0.236,2.52,3.64,1.1
"2P021",0.507,0.000939,172.1,0.724,0.443,4.97,9.41,10021,158,0.434,0.276,2.24,3.23,0.973,"T2",0.505,0.00102,210.6,0.727,0.44,5.09,10.2,10023,196,0.467,0.273,2.32,3.35,1.01
"2P031",0.318,0.000912,80.2,0.829,0.507,6.85,9.11,9989,78,0.266,0.171,2.21,3.19,0.959,"T2",0.327,0.000916,97.1,0.824,0.486,6.7,9.16,10001,95,0.344,0.176,2.21,3.19,0.962
"2P041",0.447,0.000788,81.8,0.76,0.471,5.23,7.87,9987,80,0.235,0.24,2.06,2.98,0.896,"T2",0.452,0.00082,98.5,0.758,0.46,5.25,8.19,9987,97,0.265,0.242,2.1,3.03,0.913
"2S011",0.774,0.00033,83.8,0.395,0.271,1.97,3.29,9986,82,0.253,0.605,1.19,1.72,0.518,"T2",0.789,0.000304,101.8,0.371,0.247,1.87,3.04,9979,90,0.374,0.629,1.11,1.6,0.482
"2S021",0.436,0.000878,118.8,0.764,0.467,5.42,8.77,9988,105,0.396,0.236,2.17,3.13,0.943,"T2",0.438,0.000923,123.4,0.763,0.468,5.46,9.21,9985,115,0.388,0.237,2.22,3.2,0.964
"2S031",0.745,0.000351,53.8,0.438,0.316,2.16,3.51,9993,53,0.241,0.562,1.26,1.81,0.545,"T2",0.387,0.000641,78,0.721,0.427,4.27,6.4,9991,77,0.256,0.279,1.86,2.68,0.806
"2S041",0.419,0.00118,116,0.798,0.527,6.78,11.8,9989,108,0.33,0.202,2.47,3.56,1.07,"T2",0.421,0.00124,134.7,0.797,0.516,6.83,12.4,9992,132,0.278,0.203,2.52,3.63,1.09
"2W011",0.378,0.00106,97.9,0.819,0.529,7.08,10.6,9990,87,0.318,0.181,2.36,3.41,1.03,"T2",0.371,0.00131,117,0.83,0.544,7.96,13.1,9989,114,0.322,0.17,2.57,3.71,1.12
"2W021",0.395,0.00103,132.1,0.789,0.484,6.12,10.3,9988,123,0.379,0.211,2.33,3.36,1.01,"T2",0.394,0.00113,160.5,0.792,0.483,6.32,11.2,9981,150,0.364,0.208,2.42,3.49,1.05
"2W031",0.435,0.000743,110.5,0.727,0.43,4.52,7.42,9988,106,0.308,0.273,2,2.89,0.87,"T2",0.433,0.000828,134.7,0.734,0.434,4.72,8.27,9986,130,0.305,0.266,2.11,3.05,0.918
"2W041",0.58,0.000514,60.8,0.634,0.402,3.38,5.14,9994,59,0.25,0.366,1.64,2.36,0.711,"T2",0.578,0.000594,77.4,0.644,0.413,3.6,5.94,9997,75,0.289,0.356,1.78,2.57,0.774
"3D011",0.469,0.000521,93.1,0.67,0.365,3.52,5.2,9984,92,0.258,0.33,1.65,2.38,0.716,"T2",0.429,7e-04,123.2,0.71,0.405,4.19,6.99,9977,122,0.26,0.29,1.94,2.8,0.844
"3D021",0.512,7e-04,110.1,0.705,0.418,4.31,6.98,9982,105,0.33,0.295,1.94,2.8,0.844,"T2",0.466,0.000867,126.4,0.743,0.448,5.03,8.66,9984,124,0.264,0.257,2.16,3.11,0.937
"3D031",0.388,0.000792,109.8,0.76,0.442,5.07,7.91,9987,108,0.294,0.24,2.07,2.98,0.898,"T2",0.37,0.00112,139.1,0.803,0.491,6.54,11.2,9988,137,0.283,0.197,2.42,3.49,1.05
"3D041",0.507,0.000442,82.2,0.636,0.342,3.13,4.41,9987,77,0.372,0.364,1.48,2.14,0.644,"T2",0.455,0.000707,106.2,0.718,0.422,4.36,7.06,9983,103,0.317,0.282,1.95,2.82,0.849
"3G011",0.618,0.000506,100.1,0.595,0.358,3.09,5.06,9992,93,0.362,0.405,1.62,2.34,0.704,"T2",0.617,0.000563,120.2,0.598,0.365,3.16,5.63,9989,113,0.333,0.402,1.73,2.49,0.75
"3G021",0.459,0.00114,133,0.766,0.499,5.99,11.4,9976,131,0.258,0.234,2.43,3.51,1.06,"T2",0.46,0.00128,173.9,0.767,0.495,6.15,12.8,9978,172,0.283,0.233,2.55,3.67,1.11
"3G031",0.451,0.000821,91.3,0.758,0.469,5.27,8.2,9983,89,0.289,0.242,2.1,3.04,0.914,"T2",0.45,0.000978,123.5,0.765,0.474,5.66,9.77,9988,122,0.325,0.235,2.28,3.29,0.99
"3G041",0.311,0.00113,87.7,0.851,0.543,8.16,11.3,9981,87,0.239,0.149,2.43,3.5,1.05,"T2",0.201,0.00165,114,0.905,0.596,12.3,16.5,9982,110,0.306,0.0954,2.8,4.04,1.22
"3P021",0.33,0.00151,138.4,0.855,0.552,9.2,15,9984,136,0.307,0.145,2.71,3.91,1.18,"T2",0.331,0.00158,158,0.856,0.546,9.37,15.7,9981,156,0.306,0.144,2.76,3.98,1.2
"3P031",0.425,0.000693,101.8,0.748,0.424,4.74,6.93,9996,96,0.351,0.252,1.94,2.79,0.84,"T2",0.392,0.000962,132,0.783,0.466,5.81,9.62,9998,129,0.338,0.217,2.26,3.27,0.983
"3P04",0.301,0.00132,165.4,0.854,0.518,8.52,13.2,9979,146,0.381,0.146,2.58,3.72,1.12,"T2",0.308,0.00141,195.3,0.857,0.51,8.87,14.1,9989,179,0.444,0.143,2.65,3.82,1.15
"3S011",0.433,0.000963,116.8,0.779,0.478,5.91,9.6,9971,114,0.33,0.221,2.26,3.26,0.982,"T2",0.411,0.00115,141.1,0.799,0.495,6.68,11.5,9965,139,0.307,0.201,2.44,3.52,1.06
"3S021",0.335,0.00058,103.1,0.747,0.382,4.4,5.8,9995,100,0.416,0.253,1.76,2.54,0.763,"T2",0.334,0.000653,108.4,0.762,0.403,4.78,6.52,9992,105,0.443,0.238,1.88,2.71,0.814
"3S031",0.462,0.000919,110,0.753,0.473,5.35,9.18,9985,108,0.275,0.247,2.22,3.2,0.963,"T2",0.47,0.000943,129.8,0.751,0.462,5.37,9.42,9984,128,0.326,0.249,2.24,3.24,0.974
"3S041",0.401,0.000882,125.2,0.763,0.451,5.27,8.81,9984,124,0.24,0.237,2.18,3.14,0.945,"T2",0.326,0.0012,152.8,0.816,0.495,7,11.9,9983,150,0.311,0.184,2.48,3.58,1.08
"3W011",0.533,0.000658,109.3,0.68,0.404,3.95,6.57,9988,105,0.33,0.32,1.88,2.72,0.817,"T2",0.533,0.000725,144.9,0.684,0.402,4.07,7.23,9980,138,0.374,0.316,1.98,2.85,0.859
"3W021",0.308,0.000879,94.8,0.81,0.481,6.17,8.77,9984,91,0.359,0.19,2.17,3.13,0.943,"T2",0.291,0.00109,125.6,0.829,0.495,7.08,10.9,9979,123,0.331,0.171,2.38,3.44,1.04
"3W031",0.411,0.00057,72,0.702,0.407,3.91,5.7,10008,72,0,0.298,1.74,2.51,0.756,"T2",0.387,0.000747,102,0.731,0.435,4.54,7.48,10014,102,0,0.269,2.01,2.9,0.874
"3W041",0.492,0.000629,89.3,0.7,0.41,4.09,6.28,9984,88,0.303,0.3,1.84,2.65,0.798,"T2",0.487,0.000738,114.4,0.713,0.422,4.39,7.37,9982,113,0.281,0.287,2,2.88,0.867
"4D011",0.568,0.00055,125.6,0.638,0.368,3.41,5.51,10014,104,0.438,0.362,1.71,2.46,0.741,"T2",0.57,0.000624,141,0.64,0.372,3.51,6.24,10006,137,0.37,0.36,1.83,2.64,0.795
"4D021",0.464,0.000373,75.4,0.608,0.306,2.79,3.72,9986,73,0.324,0.392,1.31,1.9,0.571,"T2",0.435,0.000456,94.2,0.633,0.335,3.08,4.55,9986,92,0.269,0.367,1.52,2.19,0.658
"4D031",0.493,0.000541,93.1,0.661,0.378,3.48,5.4,9983,87,0.318,0.339,1.69,2.43,0.733,"T2",0.495,0.000647,118.1,0.676,0.392,3.78,6.45,9978,116,0.248,0.324,1.86,2.69,0.81
"4D04",0.351,0.000768,97.6,0.775,0.448,5.24,7.67,9989,94,0.368,0.225,2.04,2.94,0.885,"T2",0.497,0.000704,116,0.689,0.415,4.02,7.04,9989,110,0.342,0.311,1.95,2.81,0.847
"4G011",0.52,0.000713,91.9,0.698,0.438,4.27,7.13,9999,89,0.267,0.302,1.96,2.83,0.853,"T2",0.52,0.000881,123.8,0.71,0.455,4.7,8.81,10001,119,0.283,0.29,2.18,3.14,0.945
"4G021",0.389,0.000794,81.6,0.773,0.474,5.34,7.93,9989,79,0.312,0.227,2.07,2.99,0.899,"T2",0.251,0.0014,107.5,0.869,0.567,9.44,14,9994,105,0.274,0.131,2.64,3.81,1.15
"4G031",0.393,0.000873,90.5,0.793,0.496,5.96,8.73,9991,79,0.3,0.207,2.17,3.13,0.941,"T2",0.284,0.00147,106.4,0.877,0.579,10.2,14.7,9988,103,0.25,0.123,2.68,3.87,1.17
"4G041",0.271,0.00109,91,0.845,0.532,7.76,10.8,9990,88,0.303,0.155,2.38,3.44,1.04,"T2",0.241,0.00158,125.6,0.883,0.576,10.7,15.8,9988,120,0.331,0.117,2.76,3.98,1.2
"4P011",0.612,0.00055,118.6,0.595,0.361,3.08,5.49,9985,112,0.257,0.405,1.7,2.46,0.74,"T2",0.616,0.000561,138.6,0.59,0.352,3.05,5.59,9977,133,0.299,0.41,1.72,2.48,0.748
"4P021",0.56,0.000702,82.3,0.668,0.444,3.98,7.01,9982,80,0.16,0.332,1.95,2.81,0.846,"T2",0.566,0.000733,103.6,0.664,0.431,3.97,7.31,9979,101,0.225,0.336,1.99,2.87,0.864
"4P031",0.492,0.000793,112,0.716,0.444,4.55,7.92,9987,106,0.355,0.284,2.07,2.98,0.898,"T2",0.492,0.000842,134.3,0.716,0.436,4.6,8.41,9982,132,0.308,0.284,2.13,3.07,0.925
"4S011",0.663,0.000436,105,0.536,0.319,2.62,4.35,9981,101,0.304,0.464,1.47,2.12,0.639,"T2",0.664,0.000444,125.9,0.535,0.31,2.62,4.43,9975,122,0.317,0.465,1.49,2.15,0.647
"4S021",0.473,0.000778,85.6,0.742,0.464,4.96,7.76,9985,83,0.274,0.258,2.05,2.96,0.89,"T2",0.479,0.000795,103.7,0.737,0.449,4.91,7.93,9982,101,0.294,0.263,2.07,2.99,0.9
"4S031",0.647,0.000602,112.7,0.573,0.385,3.09,6.01,9985,106,0.308,0.427,1.79,2.59,0.779,"T2",0.656,0.000597,135.3,0.562,0.366,3,5.96,9980,132,0.308,0.438,1.79,2.58,0.775
"4S041",0.215,0.00115,99.4,0.87,0.534,8.7,11.4,9983,96,0.268,0.13,2.44,3.52,1.06,"T2",0.215,0.0013,138.4,0.876,0.525,9.29,13,9987,133,0.343,0.124,2.57,3.7,1.11
"4W021",0.26,0.000911,98.2,0.832,0.485,6.82,9.1,9990,95,0.292,0.168,2.21,3.19,0.959,"T2",0.256,0.00112,137.5,0.842,0.494,7.52,11.1,9985,132,0.323,0.158,2.41,3.48,1.05
"4W031",0.286,0.00147,129,0.869,0.557,9.62,14.6,9985,124,0.304,0.131,2.68,3.87,1.17,"T2",0.279,0.00175,170.8,0.879,0.558,10.8,17.5,9981,168,0.337,0.121,2.86,4.13,1.24
"4W041",0.586,0.000567,128.1,0.627,0.358,3.35,5.66,9985,126,0.323,0.373,1.73,2.5,0.753,"T2",0.577,0.000663,172,0.642,0.368,3.6,6.62,9980,169,0.359,0.358,1.89,2.73,0.821
"5D011",0.451,0.000522,90,0.697,0.375,3.78,5.22,9996,82,0.386,0.303,1.65,2.38,0.718,"T2",0.435,0.000661,116.9,0.729,0.406,4.4,6.61,9994,105,0.368,0.271,1.89,2.72,0.82
"5D031",0.577,0.000349,85.5,0.57,0.283,2.59,3.49,9987,82,0.349,0.43,1.25,1.8,0.543,"T2",0.518,0.000492,110.6,0.641,0.343,3.25,4.91,9979,103,0.375,0.359,1.59,2.29,0.691
"5D041",0.485,0.000736,143.2,0.714,0.404,4.39,7.35,9989,139,0.371,0.286,2,2.88,0.866,"T2",0.464,0.000875,175.2,0.736,0.421,4.87,8.74,9995,172,0.353,0.264,2.17,3.13,0.942
"5G011",0.762,0.000279,44,0.407,0.275,1.96,2.79,9994,42,0.233,0.593,1.03,1.48,0.446,"T2",0.755,0.000305,62.5,0.418,0.272,2.02,3.04,9994,60,0.295,0.582,1.11,1.61,0.483
"5G021",0.262,0.00134,105,0.872,0.561,9.43,13.4,9980,102,0.262,0.128,2.6,3.74,1.13,"T2",0.257,0.00201,145.1,0.895,0.604,12.6,20.1,9979,144,0.221,0.105,3,4.33,1.3
"5G031",0.219,0.0013,86.2,0.884,0.579,9.94,13,9990,84,0.224,0.116,2.56,3.7,1.11,"T2",0.219,0.00179,122.9,0.9,0.601,12.4,17.9,9981,121,0.221,0.0999,2.88,4.16,1.25
"5G04",0.47,0.000702,136.4,0.733,0.441,4.64,7.01,9987,83,0.369,0.267,1.95,2.81,0.846,"T2",0.469,0.000815,144,0.738,0.444,4.88,8.14,9987,112,0.354,0.262,2.1,3.02,0.91
"5P011",0.413,0.000916,109,0.79,0.477,6.05,9.15,9989,104,0.362,0.21,2.21,3.19,0.962,"T2",0.402,0.00107,127,0.802,0.491,6.59,10.7,9981,124,0.352,0.198,2.37,3.42,1.03
"5P021",0.188,0.00132,157,0.871,0.523,9.13,13.2,10001,139,0.429,0.129,2.58,3.73,1.12,"T2",0.184,0.00164,177.9,0.891,0.548,11,16.4,10013,165,0.398,0.109,2.8,4.04,1.22
"5P031",0.193,0.00159,141.2,0.896,0.573,11.4,15.8,9983,124,0.328,0.104,2.76,3.99,1.2,"T2",0.223,0.00161,149.2,0.892,0.558,11.2,16.1,9988,145,0.356,0.108,2.78,4.01,1.21
"5P041",0.434,0.00105,159.5,0.783,0.47,6.17,10.6,10031,151,0.434,0.217,2.36,3.4,1.02,"T2",0.408,0.00122,115.2,0.809,0.527,7.17,12.1,9946,114,0.243,0.191,2.5,3.6,1.08
"5S011",0.213,0.00109,92.9,0.86,0.531,8.18,10.9,9994,90,0.264,0.14,2.39,3.45,1.04,"T2",0.217,0.00122,101.6,0.873,0.544,9.15,12.2,9986,100,0.317,0.127,2.5,3.61,1.09
"5S021",0.134,0.00176,130.8,0.914,0.594,13.3,17.6,9989,125,0.325,0.0858,2.87,4.13,1.24,"T2",0.133,0.00234,148.5,0.933,0.632,17.5,23.3,9981,146,0.306,0.0672,3.15,4.54,1.37
"5S031",0.284,0.00169,144.3,0.883,0.57,11,16.8,9984,141,0.345,0.117,2.82,4.07,1.23,"T2",0.286,0.00183,165.8,0.887,0.571,11.7,18.3,9979,163,0.378,0.113,2.91,4.19,1.26
"5S041",0.377,0.00102,143.2,0.798,0.471,6.28,10.2,9977,137,0.384,0.202,2.32,3.35,1.01,"T2",0.378,0.00125,164.2,0.819,0.497,7.35,12.5,9968,160,0.379,0.181,2.52,3.64,1.1
"5W011",0.342,0.000843,104.1,0.8,0.464,5.91,8.42,9992,99,0.35,0.2,2.13,3.07,0.925,"T2",0.342,0.00114,130.4,0.818,0.501,6.97,11.4,9992,129,0.285,0.182,2.43,3.51,1.06
"5W021",0.268,0.00117,104.8,0.862,0.534,8.56,11.7,9984,100,0.337,0.138,2.46,3.55,1.07,"T2",0.261,0.00123,116.9,0.868,0.53,8.94,12.2,9981,113,0.342,0.132,2.5,3.61,1.09
"5W041",0.381,0.000578,95,0.738,0.387,4.28,5.77,9982,93,0.362,0.262,1.75,2.53,0.761,"T2",0.38,0.000691,130.8,0.751,0.398,4.65,6.9,9983,128,0.403,0.249,1.93,2.79,0.839
"1C01",0.552,0.000562,66.7,0.664,0.421,3.7,5.62,9998,60,0.361,0.336,1.73,2.49,0.749,"T3",0.312,0.000826,75.1,0.815,0.518,6.22,8.26,9996,59,0.283,0.185,2.11,3.05,0.917
"1C02",0.489,0.000772,58.7,0.735,0.517,4.94,7.72,9998,52,0.208,0.265,2.04,2.95,0.887,"T3",0.252,0.0012,126,0.863,0.623,8.81,12,9996,54,0.218,0.137,2.49,3.59,1.08
"1C03",0.364,0.000504,80.5,0.718,0.37,3.9,5.04,10000,79,0.325,0.282,1.62,2.33,0.703,"T3",0.337,0.000765,104.3,0.798,0.44,5.65,7.65,9999,102,0.291,0.202,2.03,2.94,0.884
"1C04",0.443,0.000559,63.2,0.706,0.442,4,5.59,9998,49,0.32,0.294,1.72,2.48,0.747,"T3",0.399,0.000613,69.1,0.733,0.468,4.4,6.13,9997,48,0.265,0.267,1.81,2.62,0.787
"1D012",0.369,0.000676,99.6,0.742,0.424,4.6,6.75,9992,90,0.385,0.258,1.91,2.75,0.829,"T3",0.364,0.000805,114.5,0.763,0.443,5.13,8.05,9991,111,0.33,0.237,2.09,3.01,0.906
"1D022",0.571,0.000666,113.3,0.65,0.405,3.7,6.65,9982,107,0.296,0.35,1.89,2.73,0.823,"T3",0.564,0.000755,154.2,0.658,0.402,3.86,7.53,9979,152,0.327,0.342,2.02,2.91,0.877
"1D042",0.458,0.000619,76,0.731,0.422,4.41,6.19,9990,75,0.224,0.269,1.82,2.63,0.791,"T3",0.43,0.000825,99.7,0.766,0.46,5.35,8.25,9992,98,0.283,0.234,2.11,3.04,0.916
"1G011",0.399,0.000867,67.3,0.791,0.515,5.96,8.67,9993,66,0.239,0.209,2.16,3.12,0.938,"T3",0.398,0.000961,84.3,0.795,0.512,6.2,9.61,9993,83,0.19,0.205,2.26,3.26,0.983
"1G022",0.319,0.000752,65.6,0.786,0.483,5.47,7.52,9996,65,0.197,0.214,2.02,2.91,0.876,"T3",0.319,0.000855,88.9,0.791,0.479,5.79,8.55,9996,88,0.258,0.209,2.15,3.1,0.932
"1G032",0.704,0.000312,63,0.476,0.285,2.21,3.12,9992,54,0.309,0.524,1.14,1.64,0.494,"T3",0.705,0.000319,64.8,0.475,0.281,2.21,3.19,9987,62,0.302,0.525,1.16,1.67,0.504
"1G042",0.537,0.000486,53.5,0.661,0.4,3.5,4.86,10000,52,0.226,0.339,1.58,2.28,0.687,"T3",0.517,0.000562,69.5,0.683,0.411,3.83,5.62,9999,67,0.265,0.317,1.73,2.49,0.75
"1P012",0.641,0.000282,6,0.529,0.579,2.36,2.82,10000,6,0,0.471,1.04,1.5,0.45,"T3",0.625,0.000328,9,0.556,0.541,2.57,3.28,9999,9,0,0.444,1.19,1.72,0.516
"1P022",0.317,0.000916,99,0.816,0.484,6.4,9.15,9987,97,0.286,0.184,2.21,3.19,0.961,"T3",0.245,0.00144,128.1,0.869,0.553,9.49,14.3,9981,124,0.296,0.131,2.66,3.84,1.16
"1P032",0.3,0.000702,61.9,0.799,0.478,5.55,7.01,9995,59,0.283,0.201,1.95,2.81,0.846,"T3",0.299,0.000847,81.9,0.815,0.489,6.24,8.46,9998,79,0.3,0.185,2.14,3.08,0.928
"1P042",0.465,0.000497,70.3,0.692,0.387,3.73,4.98,10008,63,0.359,0.308,1.6,2.31,0.697,"T3",0.451,0.000579,91.4,0.709,0.399,4.06,5.79,10015,82,0.47,0.291,1.76,2.53,0.763
"1S012",0.331,0.000808,93.1,0.808,0.464,6.01,8.07,9987,90,0.33,0.192,2.09,3.01,0.907,"T3",0.33,0.000866,108,0.811,0.464,6.17,8.65,9988,105,0.255,0.189,2.16,3.11,0.937
"1S022",0.33,9e-04,90,0.809,0.498,6.29,8.99,9984,82,0.337,0.191,2.2,3.17,0.954,"T3",0.325,0.00101,103,0.816,0.502,6.66,10,9980,99,0.31,0.184,2.31,3.33,1
"1S032",0.392,0.00104,94.7,0.807,0.517,6.65,10.4,9994,92,0.226,0.193,2.34,3.37,1.02,"T3",0.387,0.00118,120.1,0.814,0.521,7.12,11.8,9985,114,0.243,0.186,2.47,3.56,1.07
"1S042",0.252,0.000857,78.8,0.836,0.498,6.79,8.57,9996,75,0.289,0.164,2.15,3.1,0.933,"T3",0.245,0.00111,98,0.855,0.534,8.07,11.1,9995,90,0.264,0.145,2.4,3.47,1.04
"1W012",0.341,0.00104,98.8,0.833,0.513,7.31,10.4,9993,96,0.268,0.167,2.34,3.38,1.02,"T3",0.335,0.00138,149.3,0.847,0.526,8.47,13.8,9995,148,0.215,0.153,2.63,3.79,1.14
"1W022",0.269,0.00103,105.2,0.848,0.517,7.65,10.3,9989,91,0.348,0.152,2.33,3.37,1.01,"T3",0.203,0.00153,137.2,0.889,0.558,10.7,15.3,9987,132,0.316,0.111,2.73,3.93,1.18
"1W032",0.481,0.000586,90,0.701,0.401,4,5.86,9995,82,0.386,0.299,1.77,2.55,0.768,"T3",0.48,0.000695,107.3,0.714,0.418,4.32,6.95,9994,103,0.337,0.286,1.94,2.8,0.842
"1W042",0.155,0.00149,130.5,0.896,0.557,11,14.9,9995,128,0.31,0.104,2.7,3.9,1.17,"T3",0.152,0.00215,187.4,0.916,0.589,14.3,21.5,9990,184,0.281,0.0843,3.07,4.43,1.33
"2C01",0.454,0.000689,49,0.742,0.499,4.78,6.89,9993,48,0.204,0.258,1.93,2.78,0.838,"T3",0.418,0.000816,64.9,0.773,0.51,5.49,8.15,9992,61,0.226,0.227,2.1,3.03,0.911
"2C02",0.251,0.00102,110.2,0.843,0.502,7.36,10.2,10006,103,0.365,0.157,2.33,3.36,1.01,"T3",0.208,0.00123,124.3,0.863,0.532,8.56,12.3,10008,113,0.333,0.137,2.51,3.62,1.09
"2C03",0.333,0.000879,60.1,0.824,0.545,6.67,8.79,9999,54,0.255,0.176,2.17,3.14,0.944,"T3",0.334,0.000898,57.4,0.825,0.548,6.73,8.98,9999,55,0.196,0.175,2.2,3.17,0.953
"2C04",0.17,0.00158,82.2,0.9,0.628,11.9,15.8,9987,81,0.207,0.0997,2.76,3.98,1.2,"T3",0.17,0.00164,92.3,0.9,0.62,12,16.4,9990,91,0.228,0.0997,2.8,4.03,1.21
"2D012",0.495,0.000886,108.2,0.733,0.48,5.07,8.85,9989,94,0.337,0.267,2.18,3.15,0.947,"T3",0.494,0.000977,105.4,0.736,0.491,5.25,9.75,9988,103,0.231,0.264,2.28,3.29,0.989
"2D022",0.166,0.00219,144.7,0.923,0.622,15.6,21.9,9992,143,0.285,0.0774,3.09,4.45,1.34,"T3",0.166,0.00238,157.6,0.925,0.627,16.4,23.8,9984,157,0.215,0.0746,3.17,4.57,1.38
"2D042",0.203,0.00177,109.4,0.906,0.614,12.8,17.7,9981,107,0.306,0.0941,2.87,4.14,1.25,"T3",0.187,0.00208,123.6,0.916,0.634,14.5,20.8,9984,120,0.264,0.0845,3.04,4.38,1.32
"2G012",0.563,0.00069,119.3,0.661,0.409,3.87,6.9,9998,112,0.372,0.339,1.93,2.79,0.839,"T3",0.565,0.000752,117,0.665,0.428,4.01,7.52,9997,111,0.339,0.335,2.02,2.91,0.876
"2G022",0.487,0.000824,121.6,0.727,0.444,4.76,8.23,9987,115,0.345,0.273,2.11,3.04,0.916,"T3",0.486,0.00097,137.1,0.739,0.466,5.19,9.69,9992,131,0.318,0.261,2.27,3.28,0.986
"2G032",0.111,0.00251,119.3,0.942,0.678,19.9,25.2,10001,116,0.308,0.0576,3.22,4.65,1.4,"T3",0.11,0.00307,144.6,0.948,0.691,23.1,30.7,9999,142,0.287,0.0518,3.42,4.94,1.49
"2G042",0.827,0.000236,70.5,0.311,0.215,1.65,2.35,9993,54,0.418,0.689,0.856,1.24,0.372,"T3",0.827,0.000245,74.5,0.312,0.218,1.66,2.45,9990,61,0.419,0.688,0.895,1.29,0.389
"2P012",0.259,0.0014,97.2,0.882,0.581,10.2,14,9996,94,0.295,0.118,2.64,3.81,1.15,"T3",0.259,0.00143,116,0.883,0.564,10.3,14.3,10001,111,0.339,0.117,2.66,3.84,1.15
"2P022",0.33,0.000996,88.9,0.827,0.513,7.02,9.95,9992,88,0.236,0.173,2.3,3.32,0.998,"T3",0.322,0.00101,93.5,0.828,0.51,7.04,10.1,9992,93,0.202,0.172,2.31,3.33,1
"2P032",0.131,0.00196,76.4,0.926,0.691,15.5,19.6,9982,74,0.147,0.0736,2.97,4.29,1.29,"T3",0.131,0.00203,91.9,0.927,0.672,15.7,20.3,9980,88,0.157,0.0733,3.01,4.34,1.31
"2P042",0.616,0.000607,96.6,0.607,0.402,3.33,6.06,9983,88,0.326,0.393,1.8,2.6,0.782,"T3",0.614,0.000615,91.1,0.61,0.406,3.37,6.14,9981,87,0.261,0.39,1.82,2.62,0.788
"2S012",0.446,0.001,109.7,0.774,0.501,5.96,10,9998,99,0.37,0.226,2.3,3.32,1,"T3",0.239,0.00143,119.6,0.874,0.564,9.82,14.3,10001,112,0.381,0.126,2.66,3.84,1.16
"2S022",0.241,0.00184,113.3,0.9,0.615,12.6,18.3,9983,113,0.14,0.0997,2.91,4.2,1.26,"T3",0.241,0.00195,127.2,0.902,0.614,13,19.5,9984,126,0.173,0.0984,2.97,4.29,1.29
"2S032",0.184,0.00201,125.5,0.914,0.622,14.1,20.1,9972,124,0.232,0.0864,3,4.33,1.3,"T3",0.135,0.00231,142.7,0.927,0.634,16.5,23.1,9974,141,0.232,0.0728,3.14,4.53,1.36
"2S042",0.138,0.00208,97.2,0.93,0.665,16.5,20.8,9987,96,0.237,0.0699,3.03,4.38,1.32,"T3",0.136,0.00225,101,0.932,0.678,17.3,22.5,9984,99,0.24,0.0676,3.11,4.49,1.35
"2W012",0.364,0.0013,109.8,0.825,0.547,7.65,13,9974,108,0.211,0.175,2.56,3.7,1.11,"T3",0.363,0.00141,163.6,0.827,0.525,7.88,14.1,10017,155,0.372,0.173,2.65,3.82,1.15
"2W022",0.258,0.002,133.1,0.897,0.616,12.8,20,9995,129,0.285,0.103,2.99,4.32,1.3,"T3",0.256,0.00227,154.3,0.902,0.622,13.9,22.7,9988,151,0.27,0.098,3.12,4.5,1.36
"2W032",0.431,0.00126,102,0.795,0.548,6.95,12.6,10003,102,0,0.205,2.54,3.66,1.1,"T3",0.431,0.00135,113,0.796,0.551,7.11,13.6,10010,113,0,0.204,2.61,3.76,1.13
"2W042",0.295,0.00169,133.7,0.871,0.58,10.4,16.9,9983,131,0.318,0.129,2.83,4.08,1.23,"T3",0.295,0.00194,160.1,0.882,0.587,11.7,19.4,9987,156,0.363,0.118,2.96,4.28,1.29
"3C01",0.219,0.00131,134.2,0.864,0.529,8.81,13.1,9980,129,0.323,0.136,2.57,3.71,1.12,"T3",0.2,0.0017,147.3,0.887,0.569,10.9,17,9983,145,0.267,0.113,2.83,4.09,1.23
"3C02",0.237,0.00182,108.5,0.901,0.621,12.7,18.2,9996,107,0.222,0.0986,2.9,4.19,1.26,"T3",0.156,0.00207,112.4,0.923,0.644,15.4,20.7,9998,110,0.198,0.0767,3.03,4.37,1.32
"3C03",0.627,0.000532,76.7,0.588,0.389,3.08,5.32,10010,74,0.187,0.412,1.67,2.41,0.726,"T3",0.622,0.000574,76.5,0.595,0.406,3.18,5.75,10010,74,0.12,0.405,1.75,2.52,0.759
"3D012",0.382,0.000578,111.4,0.703,0.374,3.91,5.78,10004,109,0.4,0.297,1.76,2.53,0.762,"T3",0.358,0.000827,140.6,0.756,0.429,5.02,8.28,10005,138,0.36,0.244,2.11,3.05,0.918
"3D022",0.427,0.000589,73.6,0.712,0.415,4.09,5.89,9990,72,0.219,0.288,1.77,2.56,0.77,"T3",0.409,0.00083,108.5,0.752,0.453,5.03,8.29,9990,107,0.222,0.248,2.12,3.05,0.919
"3D032",0.359,0.000733,111.5,0.774,0.428,5.17,7.32,9991,105,0.443,0.226,1.99,2.87,0.864,"T3",0.332,0.000954,134.9,0.803,0.462,6.17,9.54,9995,132,0.383,0.197,2.26,3.25,0.979
"3D042",0.478,0.000509,57.8,0.7,0.406,3.84,5.08,9982,55,0.339,0.3,1.63,2.35,0.706,"T3",0.432,0.000697,88.4,0.746,0.441,4.73,6.95,9980,81,0.329,0.254,1.94,2.8,0.842
"3G012",0.231,0.00127,81.7,0.874,0.578,9.4,12.7,9990,81,0.171,0.126,2.54,3.66,1.1,"T3",0.228,0.00146,115.6,0.879,0.566,10,14.6,9995,114,0.217,0.121,2.68,3.87,1.16
"3G022",0.425,0.00107,108.4,0.791,0.508,6.44,10.7,9989,106,0.308,0.209,2.37,3.42,1.03,"T3",0.421,0.00131,157.5,0.798,0.518,6.96,13.1,9995,144,0.359,0.202,2.57,3.71,1.12
"3G032",0.613,0.000576,101.1,0.61,0.393,3.32,5.76,9995,86,0.379,0.39,1.75,2.53,0.76,"T3",0.613,0.000614,131.5,0.611,0.388,3.36,6.13,9989,107,0.389,0.389,1.81,2.62,0.788
"3G042",0.653,0.000486,79.6,0.558,0.361,2.84,4.85,9984,79,0.225,0.442,1.58,2.28,0.686,"T3",0.65,0.000522,93.6,0.561,0.364,2.89,5.21,9979,93,0.181,0.439,1.65,2.38,0.717
"3P011",0.278,0.00171,203.9,0.875,0.55,10.4,17.1,10004,175,0.432,0.125,2.84,4.09,1.23,"T3",0.175,0.00229,203.1,0.914,0.595,14.6,22.9,9999,193,0.371,0.0861,3.13,4.51,1.36
"3P022",0.351,0.00132,169.5,0.824,0.506,7.48,13.1,9984,162,0.356,0.176,2.58,3.72,1.12,"T3",0.349,0.00158,208.9,0.842,0.523,8.6,15.7,9991,194,0.364,0.158,2.76,3.98,1.2
"3P032",0.196,0.00236,172.9,0.924,0.619,16.4,23.6,10002,166,0.377,0.0762,3.16,4.56,1.37,"T3",0.133,0.00306,200.4,0.944,0.647,21.7,30.6,10006,197,0.328,0.0558,3.42,4.93,1.49
"3P041",0.194,0.00198,128.7,0.909,0.615,13.5,19.7,9978,128,0.194,0.0914,2.98,4.3,1.3,"T3",0.191,0.00236,151.9,0.921,0.629,16,23.5,9983,151,0.224,0.0787,3.16,4.56,1.37
"3S012",0.208,0.00199,186.5,0.902,0.575,12.9,19.9,9994,182,0.377,0.0983,2.99,4.32,1.3,"T3",0.218,0.00221,227.2,0.903,0.576,13.5,22.2,10008,216,0.415,0.0967,3.1,4.47,1.35
"3S022",0.268,0.0015,142.6,0.867,0.551,9.48,14.9,9978,135,0.287,0.133,2.7,3.9,1.17,"T3",0.216,0.00196,181,0.897,0.581,12.5,19.6,9984,168,0.331,0.103,2.98,4.29,1.29
"3S032",0.367,0.00102,121.2,0.809,0.486,6.55,10.2,9983,119,0.3,0.191,2.32,3.35,1.01,"T3",0.366,0.00106,140.2,0.805,0.477,6.45,10.5,9984,139,0.293,0.195,2.35,3.4,1.02
"3W012",0.334,0.000686,93.9,0.77,0.43,4.95,6.86,9993,88,0.348,0.23,1.93,2.78,0.836,"T3",0.313,0.000957,126.1,0.807,0.469,6.21,9.56,9988,123,0.282,0.193,2.26,3.26,0.98
"3W022",0.522,0.000678,101.5,0.687,0.418,4.05,6.78,9989,97,0.306,0.313,1.91,2.76,0.831,"T3",0.516,0.000808,134,0.698,0.429,4.34,8.06,9978,129,0.315,0.302,2.09,3.01,0.906
"3W032",0.596,0.000571,177,0.62,0.377,3.35,5.71,10007,102,0.476,0.38,1.74,2.51,0.757,"T3",0.589,0.000657,288.2,0.635,0.398,3.59,6.57,10011,114,0.487,0.365,1.88,2.72,0.818
"3W042",0.254,0.00114,111.2,0.857,0.527,8.21,11.4,9991,102,0.291,0.143,2.44,3.51,1.06,"T3",0.252,0.00128,153.3,0.86,0.512,8.56,12.8,9987,145,0.336,0.14,2.55,3.68,1.11
"4C01",0.58,0.000468,54.9,0.626,0.387,3.24,4.68,9995,54,0.273,0.374,1.54,2.23,0.67,"T3",0.515,0.000676,75.8,0.698,0.444,4.21,6.76,9993,74,0.227,0.302,1.91,2.76,0.83
"4C02",0.176,0.00116,80.5,0.885,0.567,9.6,11.6,9999,76,0.351,0.115,2.45,3.54,1.07,"T3",0.151,0.00152,94.3,0.907,0.607,12.1,15.2,9995,89,0.289,0.093,2.72,3.93,1.18
"4C03",0.754,0.000271,40.7,0.416,0.27,1.97,2.71,9994,40,0.293,0.584,0.996,1.44,0.433,"T3",0.732,0.000315,52.9,0.45,0.29,2.14,3.15,9995,52,0.283,0.55,1.15,1.65,0.498
"4C04",0.506,0.000399,49.1,0.641,0.368,3.12,3.99,9994,43,0.318,0.359,1.38,2,0.601,"T3",0.491,0.000469,68,0.659,0.371,3.36,4.68,9995,64,0.262,0.341,1.54,2.23,0.671
"4D012",0.322,0.000658,81.7,0.777,0.43,5.02,6.57,9996,80,0.296,0.223,1.88,2.72,0.818,"T3",0.321,0.000823,106.2,0.791,0.453,5.59,8.23,9998,105,0.236,0.209,2.11,3.04,0.916
"4D022",0.41,0.000885,97.9,0.785,0.477,5.83,8.85,9992,97,0.224,0.215,2.18,3.15,0.947,"T3",0.406,0.00127,140.7,0.805,0.515,7.04,12.7,9992,140,0.213,0.195,2.54,3.67,1.1
"4D032",0.457,0.000778,98.6,0.736,0.448,4.79,7.77,9991,97,0.276,0.264,2.05,2.96,0.891,"T3",0.454,0.00103,143.1,0.75,0.471,5.36,10.3,9997,142,0.217,0.25,2.34,3.37,1.01
"4D041",0.607,0.00054,116.2,0.606,0.367,3.2,5.4,9997,99,0.41,0.394,1.69,2.43,0.732,"T3",0.604,0.000651,147.8,0.615,0.384,3.38,6.51,9999,132,0.338,0.385,1.87,2.7,0.813
"4G012",0.48,0.000747,98,0.728,0.44,4.65,7.46,9986,96,0.289,0.272,2.01,2.9,0.873,"T3",0.48,0.000911,119,0.741,0.465,5.15,9.1,9991,115,0.267,0.259,2.21,3.19,0.959
"4G022",0.292,0.001,94.8,0.837,0.509,7.23,10,9988,93,0.266,0.163,2.31,3.33,1,"T3",0.192,0.00161,107.9,0.898,0.6,11.7,16,9987,102,0.233,0.102,2.78,4,1.21
"4G032",0.662,0.000477,81.3,0.548,0.355,2.77,4.76,9987,81,0.146,0.452,1.56,2.25,0.678,"T3",0.659,0.000541,104.8,0.553,0.363,2.87,5.4,9990,104,0.171,0.447,1.69,2.43,0.732
"4G042",0.805,0.000261,60.6,0.344,0.237,1.75,2.61,9989,57,0.276,0.656,0.958,1.38,0.416,"T3",0.8,0.000292,73.1,0.355,0.25,1.81,2.92,9987,72,0.164,0.645,1.07,1.54,0.465
"4P012",0.503,0.000904,130.6,0.723,0.454,4.87,9.02,9982,127,0.336,0.277,2.2,3.17,0.955,"T3",0.498,0.000988,148.9,0.728,0.459,5.04,9.86,9978,147,0.277,0.272,2.29,3.3,0.994
"4P022",0.504,0.000657,102.8,0.69,0.409,4.02,6.56,9985,99,0.33,0.31,1.88,2.71,0.817,"T3",0.49,0.000705,120.3,0.7,0.409,4.16,7.04,9983,118,0.286,0.3,1.95,2.82,0.847
"4P032",0.83,0.000248,66.1,0.307,0.218,1.65,2.48,9991,65,0.227,0.693,0.908,1.31,0.394,"T3",0.82,0.000266,79.7,0.325,0.225,1.71,2.66,9987,78,0.278,0.675,0.979,1.41,0.425
"4P041",0.444,0.000767,118,0.741,0.428,4.77,7.66,9995,116,0.291,0.259,2.04,2.94,0.884,"T3",0.442,0.000803,135.7,0.742,0.425,4.83,8.02,9989,134,0.296,0.258,2.08,3,0.904
"4S012",0.6,0.000603,108.3,0.62,0.386,3.39,6.02,9989,105,0.292,0.38,1.8,2.59,0.78,"T3",0.598,0.000627,132.7,0.623,0.376,3.43,6.26,9987,131,0.295,0.377,1.83,2.65,0.796
"4S022",0.559,0.000494,124.5,0.621,0.347,3.14,4.93,9987,100,0.416,0.379,1.6,2.3,0.693,"T3",0.554,0.000532,141,0.628,0.345,3.23,5.32,9991,127,0.414,0.372,1.67,2.41,0.726
"4S032",0.736,0.000408,96.5,0.453,0.309,2.26,4.08,9995,94,0.284,0.547,1.41,2.03,0.611,"T3",0.733,0.000427,115.6,0.458,0.307,2.3,4.27,9998,113,0.298,0.542,1.45,2.1,0.631
"4S042",0.823,0.000268,85.1,0.318,0.224,1.69,2.68,9985,82,0.301,0.682,0.986,1.42,0.428,"T3",0.808,0.000291,97.5,0.343,0.235,1.78,2.91,9983,94,0.305,0.657,1.07,1.54,0.464
"4W011",0.583,0.000481,84.5,0.622,0.358,3.19,4.8,9986,80,0.296,0.378,1.57,2.26,0.681,"T3",0.574,0.000536,115.5,0.634,0.356,3.35,5.35,9980,111,0.375,0.366,1.68,2.42,0.729
"4W022",0.345,0.000809,123.4,0.767,0.441,5.22,8.08,9993,114,0.339,0.233,2.09,3.01,0.907,"T3",0.346,0.000922,162.5,0.77,0.439,5.42,9.2,9980,156,0.344,0.23,2.22,3.2,0.964
"4W032",0.449,0.000435,78.2,0.659,0.338,3.27,4.34,9986,77,0.295,0.341,1.47,2.12,0.638,"T3",0.446,0.000601,99.4,0.69,0.391,3.83,6,9981,98,0.253,0.31,1.79,2.59,0.778
"4W042",0.455,0.000623,88,0.722,0.412,4.32,6.23,9988,85,0.372,0.278,1.83,2.64,0.794,"T3",0.453,0.000815,111.5,0.748,0.452,5.04,8.13,9983,103,0.317,0.252,2.1,3.02,0.91
"5C01",0.786,0.000264,46.4,0.374,0.256,1.85,2.64,9991,44,0.244,0.626,0.969,1.4,0.421,"T3",0.67,0.000431,55.4,0.54,0.37,2.71,4.31,9989,52,0.245,0.46,1.46,2.11,0.634
"5C02",0.556,0.000547,79.1,0.654,0.393,3.55,5.46,9993,75,0.303,0.346,1.7,2.45,0.738,"T3",0.432,0.000881,88.7,0.775,0.488,5.68,8.8,9990,86,0.241,0.225,2.17,3.14,0.944
"5C03",0.257,0.00108,91.7,0.848,0.537,7.84,10.8,10001,85,0.384,0.152,2.38,3.44,1.04,"T3",0.257,0.00158,126.3,0.89,0.596,11.3,15.8,10006,103,0.394,0.11,2.76,3.98,1.2
"5C04",0.44,0.000427,64.8,0.66,0.349,3.26,4.27,9993,64,0.277,0.34,1.45,2.09,0.63,"T3",0.438,0.000437,75.6,0.662,0.344,3.28,4.37,9997,73,0.311,0.338,1.47,2.13,0.641
"5D012",0.62,0.000375,62.1,0.571,0.325,2.71,3.75,9993,58,0.339,0.429,1.32,1.91,0.574,"T3",0.58,0.00054,104,0.629,0.378,3.35,5.4,9991,86,0.345,0.371,1.69,2.43,0.732
"5D021",0.714,0.000335,68.2,0.472,0.291,2.24,3.35,9986,64,0.4,0.528,1.21,1.74,0.525,"T3",0.664,0.000495,98.6,0.545,0.354,2.78,4.95,9991,91,0.38,0.455,1.6,2.31,0.694
"5D032",0.655,0.000366,72.3,0.53,0.304,2.49,3.65,9987,71,0.292,0.47,1.3,1.87,0.563,"T3",0.624,0.000489,93.7,0.578,0.35,2.91,4.88,9990,93,0.202,0.422,1.59,2.29,0.688
"5D042",0.537,0.000816,119.1,0.695,0.44,4.45,8.14,9983,117,0.314,0.305,2.1,3.03,0.911,"T3",0.529,0.000942,149.2,0.706,0.45,4.75,9.41,9990,146,0.327,0.294,2.24,3.23,0.974
"5G012",0.459,0.000764,89.7,0.751,0.455,5.05,7.64,9994,87,0.318,0.249,2.03,2.93,0.883,"T3",0.46,0.00091,103.8,0.757,0.478,5.43,9.09,9992,101,0.324,0.243,2.21,3.18,0.959
"5G022",0.328,0.00114,110.5,0.84,0.521,7.72,11.3,9986,106,0.393,0.16,2.43,3.5,1.05,"T3",0.328,0.00129,135.3,0.842,0.524,8.08,12.8,9985,130,0.374,0.158,2.55,3.68,1.11
"5G032",0.464,0.000889,75,0.76,0.507,5.54,8.88,9989,74,0.24,0.24,2.18,3.15,0.949,"T3",0.463,0.001,108.5,0.763,0.493,5.74,10,9988,107,0.259,0.237,2.3,3.32,1
"5G041",0.511,0.000668,78.1,0.701,0.441,4.23,6.67,9990,74,0.267,0.299,1.9,2.74,0.824,"T3",0.511,0.000723,97,0.703,0.435,4.31,7.22,9986,94,0.284,0.297,1.98,2.85,0.858
"5P022",0.525,0.000753,100.6,0.699,0.44,4.37,7.51,9984,98,0.323,0.301,2.02,2.91,0.876,"T3",0.5,0.00087,120,0.725,0.453,4.87,8.69,9987,118,0.286,0.275,2.16,3.12,0.939
"5P032",0.27,0.00142,140.4,0.874,0.54,9.76,14.2,10002,137,0.341,0.126,2.66,3.83,1.15,"T3",0.17,0.00187,160.7,0.908,0.579,13,18.6,9993,156,0.389,0.0924,2.93,4.22,1.27
"5P042",0.327,0.0012,131.1,0.84,0.512,7.8,12,9983,127,0.312,0.16,2.48,3.58,1.08,"T3",0.214,0.00163,157.7,0.891,0.555,11.1,16.3,9986,153,0.318,0.109,2.79,4.03,1.21
"5S012",0.173,0.00186,130.6,0.912,0.602,13.6,18.6,9979,128,0.318,0.0876,2.92,4.22,1.27,"T3",0.131,0.00227,154.9,0.93,0.621,16.8,22.7,9976,152,0.314,0.0697,3.12,4.5,1.36
"5S022",0.326,0.00134,137.2,0.849,0.529,8.49,13.4,9994,135,0.324,0.151,2.59,3.74,1.13,"T3",0.261,0.00176,165.6,0.89,0.563,11.5,17.6,9999,164,0.303,0.11,2.87,4.14,1.25
"5S042",0.329,0.00151,149.7,0.859,0.543,9.4,15.1,9983,148,0.322,0.141,2.71,3.91,1.18,"T3",0.21,0.002,169.2,0.907,0.586,13.4,20,9989,166,0.335,0.0932,3,4.32,1.3
"5W012",0.416,0.000472,75.5,0.695,0.364,3.63,4.72,9992,71,0.333,0.305,1.55,2.24,0.674,"T3",0.403,0.000615,95.2,0.721,0.402,4.16,6.13,9977,91,0.283,0.279,1.81,2.62,0.788
"5W022",0.351,0.000638,82.1,0.768,0.424,4.86,6.37,9990,79,0.312,0.232,1.85,2.67,0.804,"T3",0.307,0.000962,116.7,0.806,0.486,6.23,9.61,9987,105,0.274,0.194,2.26,3.26,0.983
"5W031",0.549,0.000381,59.7,0.627,0.328,3.01,3.81,9992,59,0.267,0.373,1.34,1.93,0.581,"T3",0.543,0.000477,91.5,0.644,0.349,3.28,4.76,9985,87,0.307,0.356,1.56,2.25,0.678
"5W042",0.405,0.00055,105.7,0.711,0.368,3.93,5.49,9986,102,0.398,0.289,1.7,2.46,0.74,"T3",0.402,0.000658,130.3,0.727,0.389,4.28,6.57,9985,127,0.359,0.273,1.88,2.72,0.818
